benchmark,method,NLL_mean,NLL_std,GW2_mean,GW2_std,n_valid,n_nonfinite,n_total
if,real_program,3.694560957362951,nan,0.0,nan,1,0,1
if,naive_gauss,5.289788445757126,nan,51.63633902310622,nan,1,0,1
if,evolutionary,5.288914525763869,0.2546353908281015,65.38413370801774,19.206793993658387,5,1,31
if,ALPS,3.9767180759241505,0.04327657683210115,13.237532132576053,10.79763942888463,5,0,5
if,grammar_mcmc,5.40645518856299,0.12157893313289553,282.1044711718416,295.6408319119161,5,0,5
if,refinestat,5.250445642358358,0.09132530519704836,47.75869286074435,9.265379912099803,5,0,5
if,refinestat_mcmc,4.771109366978759,0.39544594876433403,16.40150221303989,14.55003544390705,5,0,5
mog1,real_program,6.6697904721593675,nan,0.0,nan,1,0,1
mog1,naive_gauss,6.706814816720446,nan,8.843311891324918,nan,1,0,1
mog1,evolutionary,7.731626630613294,0.4479930164625513,38.747182784058054,46.71357211882788,5,1,30
mog1,ALPS,6.461251740062866,0.14134087311879834,27.868877512373963,6.671313341443156,5,0,5
mog1,grammar_mcmc,7.561836618777329,0.49025487566039244,476.32602591102307,869.5180012034008,5,0,5
mog1,refinestat,7.1416947280556595,0.5888367080220595,17.840550635345355,12.393915665755376,5,0,5
mog1,refinestat_mcmc,6.7225397947501735,0.013038478245673047,8.527709847952753,0.6118400154371956,5,0,5
csi,real_program,-22.183530466458098,nan,0.0,nan,1,0,1
csi,naive_gauss,1.7848466264492036,nan,1.2598928389380362,nan,1,0,1
csi,evolutionary,-20.52781777695447,0.9096302053635081,0.4271283539896957,0.13645700781365327,5,20,30
csi,ALPS,-19.583045183413464,2.4174018880988903,1.0675889773830518,0.245607608502727,5,0,5
csi,grammar_mcmc,4.239213281186084,1.1977520986762102,707.3791713250619,704.1678316123945,5,0,5
csi,refinestat,1.7875424694067472,0.0019106018742382992,1.2534439837941036,0.005019011326067955,3,0,5
csi,refinestat_mcmc,1.7908184892634875,0.0021312184820755833,1.2698807587412557,0.01937961453261353,5,0,5
easytugwar,real_program,-0.20324143477097034,nan,0.0,nan,1,0,1
easytugwar,naive_gauss,6.3280432792336985,nan,13.15815089462648,nan,1,0,1
easytugwar,evolutionary,1.7108575305778708,2.7422125310610137,16.84959680023747,6.381976335774069,5,3,32
easytugwar,ALPS,0.24414343843837738,0.14164052572795272,13.201871949369362,2.8667116247680355,5,0,5
easytugwar,grammar_mcmc,7.1746585103767755,0.40716791113211326,234.89193203827145,299.30293536641307,5,0,5
easytugwar,refinestat,5.569831375258696,1.556750996576889,18.8197455943693,14.916948277919989,5,0,5
easytugwar,refinestat_mcmc,6.330784875592316,0.0008849057929745025,13.10448017762495,0.210537127688145,2,1,5
biasedtugwar,real_program,-0.24835884012745155,nan,0.0,nan,1,0,1
biasedtugwar,naive_gauss,6.076715302051406,nan,9.283273390261163,nan,1,0,1
biasedtugwar,evolutionary,8.78781274014283,14.043285945820475,26340.933634176617,58807.805439289936,5,10,31
biasedtugwar,ALPS,0.4618861936736726,0.8347077313113089,24.793877795595773,15.614019787124997,5,0,5
biasedtugwar,grammar_mcmc,6.805471441974204,0.8022221064602574,936.5933060338526,1379.6821651162224,5,0,5
biasedtugwar,refinestat,5.883123011980367,1.506486867375499,54.39631565977753,92.72990954450972,5,0,5
biasedtugwar,refinestat_mcmc,6.078486780309549,0.0009607943743118121,9.265260133729905,0.2979235239809937,2,0,5
mixedcondition,real_program,-1.1242899474484105,nan,0.0,nan,1,0,1
mixedcondition,naive_gauss,5.039734816196003,nan,2.822274509976624,nan,1,0,1
mixedcondition,evolutionary,1.288019888227304,1.7994165823935153,43.54507815069586,82.27121126176066,5,4,31
mixedcondition,ALPS,0.269653539934653,2.4566567911693706,3.2031511079070563,0.7326289019153316,5,0,5
mixedcondition,grammar_mcmc,6.170446178135792,0.51369468883176,447.35196513895835,599.1510647057717,5,0,5
mixedcondition,refinestat,4.290832382977376,1.6812809683009713,2.874650882595506,0.11572104123405047,5,0,5
mixedcondition,refinestat_mcmc,5.044694763507292,0.0038759109565661923,2.9227724427865125,0.10485828420327978,5,0,5
multiplebranches,real_program,5.740091670798777,nan,0.0,nan,1,0,1
multiplebranches,naive_gauss,6.359347389799552,nan,58.5072814050617,nan,1,0,1
multiplebranches,evolutionary,6.458803927881894,0.20658355355719563,93.575149216156,35.64300420188955,5,2,31
multiplebranches,ALPS,5.866812433994058,0.130811993766834,28.719634386687357,7.9816368417087125,5,0,5
multiplebranches,grammar_mcmc,6.4035390088674236,0.10198440444980462,61.71134006782533,2.3256702207444655,5,0,5
multiplebranches,refinestat,6.298667349627633,0.19991112436915323,61.26884747895163,18.772121789189228,5,0,5
multiplebranches,refinestat_mcmc,6.226057019047202,0.15442477627454831,44.10138970290518,3.880493165767627,5,0,5
eyecolor,real_program,-15.792471262023751,nan,0.0,nan,1,0,1
eyecolor,naive_gauss,3.7528456701690973,nan,5.269704920702336,nan,1,0,1
eyecolor,evolutionary,-15.068857031215359,0.0,1.6647086541449279,0.0,1,29,30
eyecolor,ALPS,-12.820406813848527,0.7410552395000785,4.843746767218351,1.3454250726190837,5,0,5
eyecolor,grammar_mcmc,3.8553273847316882,0.7549426751576687,1519.0641455367208,1790.7982045281462,5,0,5
eyecolor,refinestat,2.215236695857488,0.1470299512700877,3.4662800911195104,1.5468110064453804,5,0,5
eyecolor,refinestat_mcmc,3.762262832948269,0.007680774478828411,5.214381035699949,0.09691459673881492,5,0,5
hurricane,real_program,-10.44834891340735,nan,0.0,nan,1,0,1
hurricane,naive_gauss,1.9769282734030322,nan,1.9866595260979776,nan,1,0,1
hurricane,evolutionary,-9.758257890526618,0.6615504096146112,0.33791390819976763,0.09570963789853153,5,3,30
hurricane,ALPS,-9.499131331097423,0.3427878703451518,0.40454453154404113,0.12735482973171913,5,0,5
hurricane,grammar_mcmc,2.4884528648084245,0.1477150103882333,135.62014778589275,126.74292796687386,5,0,5
hurricane,refinestat,0.0064745775401948286,0.10876810292107654,0.7804485994853965,0.008026479594912548,5,0,5
hurricane,refinestat_mcmc,0.13187721050301193,4.128188963365696,1.6875173707559559,0.7092704712121501,5,0,5
